,col1,col4,col5,name
0,2,-12.2,148.83999999999997,row1
1,3,23.1,12326.391000000001,row2
2,4,984.2,938282125072.1298,row3
